CustomerID,Tenure,HourSpendOnApp,AverageSpend,TotalOrders,SatisfactionScore,Complain,Churn
10001,3.0,4.2,80.28,3,4,0,0
10002,24.0,2.4,80.4,5,5,1,1
10003,10.0,1.9,78.47,5,3,0,0
10004,7.0,4.6,75.09,7,1,1,0
10005,1.0,0.9,56.73,3,2,0,0
10006,1.0,0.5,121.61,2,4,0,1
10007,0.0,3.0,58.9,6,4,0,1
10008,16.0,1.9,55.01,6,4,0,1
10009,7.0,1.4,59.2,7,3,0,1
10010,9.0,3.3,61.7,7,4,0,1
10011,0.0,2.8,16.27,2,4,0,0
10012,28.0,1.9,30.59,4,3,0,1
10013,14.0,1.1,50.03,4,3,0,0
10014,1.0,3.5,15.65,8,2,0,1
10015,1.0,3.2,54.02,7,3,0,0
10016,1.0,2.4,61.23,4,5,0,1
10017,2.0,4.5,21.86,5,3,0,0
10018,5.0,1.3,35.63,2,4,1,1
10019,4.0,0.8,107.1,5,4,0,0
10020,2.0,1.7,73.7,5,2,0,0
10021,7.0,2.4,71.32,2,4,1,0
10022,1.0,2.8,99.91,3,3,1,1
10023,2.0,2.2,30.99,7,3,1,1
10024,3.0,2.9,21.9,5,2,0,1
10025,4.0,1.1,92.51,3,3,0,0
10026,12.0,4.1,50.89,8,1,0,0
10027,1.0,2.4,30.44,6,1,0,0
10028,5.0,3.7,16.17,5,3,1,1
10029,7.0,2.9,59.6,7,3,0,0
10030,0.0,3.0,47.36,8,5,0,0
10031,7.0,3.1,42.49,4,3,0,0
10032,,3.0,8.8,6,4,0,1
10033,0.0,3.2,120.73,7,3,0,0
10034,23.0,4.0,19.04,3,4,0,0
10035,26.0,2.7,45.09,6,3,1,0
10036,13.0,3.3,40.51,3,5,1,1
10037,2.0,,74.96,4,3,0,0
10038,0.0,4.1,16.31,2,4,0,0
10039,9.0,1.8,69.9,3,3,0,0
10040,,4.5,59.77,4,2,0,0
10041,1.0,2.5,34.5,4,4,1,1
10042,5.0,0.9,68.49,7,1,0,0
10043,0.0,2.6,53.96,2,3,0,0
10044,19.0,1.8,136.63,6,2,0,0
10045,2.0,3.4,47.34,7,4,0,0
10046,8.0,1.8,27.8,7,5,0,0
10047,2.0,2.0,70.3,4,3,0,1
10048,5.0,0.5,43.75,5,4,0,0
10049,6.0,,53.31,6,3,0,0
10050,1.0,0.5,22.03,5,3,0,1
10051,27.0,0.8,75.61,5,5,1,1
10052,11.0,3.3,39.41,5,5,0,0
10053,22.0,,62.5,5,4,0,0
10054,18.0,3.0,155.5,6,3,0,0
10055,7.0,1.4,45.67,3,3,0,0
10056,20.0,2.4,81.52,4,2,0,0
10057,0.0,2.5,47.63,3,3,1,1
10058,1.0,1.2,34.81,2,3,0,0
10059,0.0,4.2,109.17,9,4,0,0
10060,,3.5,12.65,2,5,0,1
10061,3.0,2.3,93.47,11,3,0,0
10062,2.0,2.5,11.4,6,1,0,0
10063,14.0,2.7,88.12,7,5,1,0
10064,3.0,0.5,53.8,4,2,0,0
10065,2.0,,27.85,7,4,0,0
10066,6.0,1.7,41.11,5,1,0,1
10067,1.0,1.4,79.04,4,3,0,0
10068,12.0,2.2,147.43,1,5,0,0
10069,0.0,4.5,16.82,6,2,0,1
10070,34.0,3.2,29.04,9,3,0,0
10071,11.0,1.9,20.62,3,3,0,1
10072,1.0,3.1,47.39,4,5,0,0
10073,0.0,,89.45,7,5,1,1
10074,13.0,3.5,18.59,2,2,0,0
10075,9.0,2.6,52.94,6,1,0,0
10076,10.0,1.8,87.86,6,4,0,0
10077,11.0,3.3,40.74,8,3,0,1
10078,,,60.1,6,4,0,1
10079,3.0,3.5,104.73,2,1,0,1
10080,0.0,3.2,25.44,5,2,1,0
10081,15.0,3.7,13.78,7,4,0,0
10082,,1.9,64.47,2,2,0,0
10083,3.0,3.9,65.51,2,5,0,0
10084,0.0,2.7,38.95,3,1,0,1
10085,2.0,4.8,34.17,7,2,0,0
10086,3.0,1.7,54.46,5,5,0,1
10087,10.0,4.4,25.12,6,3,0,1
10088,8.0,2.7,25.15,9,4,0,0
10089,17.0,1.8,78.74,6,2,0,0
10090,5.0,2.0,23.92,7,4,0,0
10091,1.0,2.1,14.49,4,4,0,0
10092,9.0,3.0,34.12,4,3,0,0
10093,11.0,3.1,39.56,5,4,0,1
10094,6.0,1.9,69.89,5,4,0,0
10095,11.0,2.5,36.1,6,3,0,0
10096,5.0,4.9,114.58,5,4,0,0
10097,5.0,4.4,56.17,6,4,0,0
10098,4.0,3.0,31.05,4,2,0,0
10099,0.0,2.5,68.2,2,3,1,0
10100,0.0,2.6,113.45,4,3,0,1
10101,0.0,3.2,77.52,4,3,0,0
10102,8.0,1.4,17.76,4,4,0,0
10103,3.0,2.2,41.75,7,3,0,1
10104,5.0,0.7,61.93,8,5,0,0
10105,19.0,,75.7,6,3,0,0
10106,2.0,3.2,47.57,5,3,0,0
10107,4.0,2.0,43.53,3,4,1,1
10108,11.0,4.2,136.07,1,3,0,0
10109,2.0,1.2,78.17,5,3,0,1
10110,0.0,0.9,68.32,4,1,0,0
10111,2.0,2.7,37.1,6,3,1,1
10112,1.0,3.7,24.87,4,3,1,0
10113,21.0,4.4,69.01,5,5,0,0
10114,13.0,2.0,83.03,7,3,0,0
10115,8.0,3.7,53.15,4,5,0,0
10116,16.0,2.5,78.29,4,4,0,0
10117,13.0,2.3,79.43,5,3,0,0
10118,1.0,3.5,86.15,6,3,0,0
10119,17.0,3.2,17.53,6,4,1,0
10120,6.0,0.8,42.5,5,5,0,1
10121,13.0,4.1,71.41,9,2,1,0
10122,,4.0,54.98,7,3,0,1
10123,3.0,1.8,79.57,5,3,0,0
10124,0.0,2.9,68.3,4,1,0,1
10125,2.0,3.0,9.39,4,4,0,0
10126,4.0,2.8,97.79,5,5,0,0
10127,13.0,1.9,39.17,5,3,0,1
10128,15.0,,29.83,4,4,0,0
10129,0.0,2.5,95.98,5,4,0,1
10130,5.0,3.8,76.13,4,3,0,0
10131,4.0,3.1,103.51,6,2,0,0
10132,2.0,2.1,62.33,3,4,0,1
10133,1.0,3.3,42.16,7,5,0,0
10134,3.0,0.5,58.15,6,4,0,0
10135,22.0,3.8,26.28,2,1,0,0
10136,3.0,0.6,20.23,6,2,1,1
10137,5.0,2.1,35.31,5,1,1,0
10138,9.0,1.3,120.74,1,4,0,0
10139,3.0,1.1,37.68,6,4,1,1
10140,28.0,3.8,14.75,5,2,1,0
10141,26.0,,48.4,7,4,1,0
10142,2.0,2.9,37.36,2,4,0,1
10143,5.0,2.4,98.78,3,4,0,0
10144,2.0,3.0,116.01,3,5,0,0
10145,2.0,2.6,40.94,4,1,0,1
10146,0.0,1.1,62.29,4,5,0,0
10147,7.0,3.6,65.37,2,2,0,1
10148,5.0,2.0,51.76,4,3,0,0
10149,0.0,0.8,46.16,4,5,0,0
10150,2.0,2.0,28.48,4,5,0,1
10151,19.0,4.2,12.91,3,3,0,0
10152,2.0,3.4,28.37,4,4,1,1
10153,1.0,2.1,50.65,7,4,0,1
10154,,2.1,18.62,3,4,0,0
10155,33.0,2.1,60.39,5,2,0,0
10156,2.0,4.8,55.63,5,4,0,0
10157,8.0,2.9,37.4,4,3,0,0
10158,11.0,3.0,44.94,5,3,1,0
10159,2.0,3.6,21.15,4,3,0,1
10160,10.0,2.8,85.28,4,3,0,0
10161,3.0,2.2,84.46,7,5,0,0
10162,8.0,2.3,23.93,8,3,0,0
10163,8.0,2.4,24.43,7,5,0,1
10164,6.0,2.5,28.63,3,2,0,1
10165,0.0,3.3,73.45,2,4,0,1
10166,14.0,2.6,65.25,6,4,0,1
10167,,3.3,95.37,3,4,0,1
10168,1.0,2.4,101.38,6,4,0,1
10169,0.0,2.6,17.33,4,4,1,1
10170,7.0,0.5,71.95,6,5,0,0
10171,9.0,3.5,99.13,6,4,1,0
10172,,2.9,43.15,6,2,0,1
10173,5.0,3.6,52.57,7,4,0,0
10174,2.0,0.5,47.84,7,3,0,0
10175,8.0,4.8,49.15,6,3,0,0
10176,1.0,2.3,85.12,6,5,0,1
10177,9.0,3.7,133.31,3,3,0,0
10178,,1.4,112.37,5,4,0,1
10179,22.0,3.2,38.54,5,3,0,0
10180,1.0,1.3,62.41,3,1,0,1
10181,3.0,1.8,31.61,4,3,1,0
10182,0.0,4.6,33.81,4,2,0,1
10183,20.0,2.3,51.17,5,4,0,0
10184,16.0,2.7,33.21,5,3,0,0
10185,2.0,3.5,36.54,3,3,0,0
10186,8.0,3.0,61.54,7,1,0,0
10187,13.0,2.7,71.37,5,3,0,1
10188,6.0,2.9,70.28,5,4,0,0
10189,6.0,5.1,70.68,5,2,0,0
10190,2.0,2.4,22.26,7,4,0,0
10191,0.0,2.7,32.09,6,5,1,1
10192,,3.7,54.58,4,4,0,0
10193,18.0,3.7,96.61,6,4,0,0
10194,8.0,3.8,173.78,6,2,0,0
10195,3.0,3.2,63.88,6,3,1,0
10196,3.0,1.2,80.54,5,5,0,0
10197,10.0,,20.47,7,4,0,0
10198,18.0,1.2,79.32,3,4,0,1
10199,17.0,2.8,148.46,10,4,1,0
10200,12.0,1.7,32.01,3,3,0,0
10201,8.0,2.4,37.32,3,1,1,0
10202,0.0,2.9,86.62,3,4,0,0
10203,1.0,2.9,54.17,4,4,0,0
10204,18.0,3.0,12.0,7,3,0,0
10205,7.0,4.3,38.79,3,5,0,0
10206,0.0,3.0,115.74,5,3,1,1
10207,0.0,2.2,44.73,4,3,1,1
10208,8.0,3.6,44.71,10,5,0,1
10209,0.0,3.8,83.54,5,4,1,1
10210,1.0,1.1,65.23,1,3,1,0
10211,6.0,3.2,43.23,5,2,0,0
10212,9.0,3.3,35.73,5,2,0,0
10213,8.0,2.2,219.27,4,4,0,0
10214,2.0,4.0,105.19,4,3,0,0
10215,9.0,2.3,70.67,2,4,0,0
10216,2.0,2.6,73.28,7,5,0,1
10217,3.0,2.3,49.34,9,4,0,0
10218,,2.5,64.77,4,3,1,1
10219,8.0,1.3,46.17,3,4,1,1
10220,15.0,0.9,30.08,7,3,0,0
10221,8.0,4.3,66.26,3,2,0,0
10222,6.0,1.6,43.73,7,1,0,0
10223,0.0,1.4,68.26,4,3,0,1
10224,3.0,0.5,75.71,4,5,0,1
10225,2.0,1.8,70.35,2,2,0,1
10226,2.0,1.0,28.44,4,2,0,0
10227,28.0,4.3,40.83,5,5,0,0
10228,3.0,3.6,44.26,5,1,0,0
10229,17.0,1.7,91.97,4,4,0,0
10230,7.0,5.0,89.31,3,3,1,1
10231,12.0,3.6,33.35,9,1,1,0
10232,5.0,2.1,21.89,4,5,0,1
10233,6.0,0.5,178.33,5,2,0,0
10234,5.0,5.0,68.76,5,4,0,0
10235,1.0,1.0,19.81,8,3,0,0
10236,10.0,0.7,36.93,5,1,0,0
10237,2.0,3.6,94.13,3,1,0,0
10238,0.0,5.2,154.75,3,2,1,1
10239,8.0,4.0,140.75,4,1,0,0
10240,1.0,3.1,67.1,5,4,0,1
10241,22.0,3.2,53.44,6,3,0,0
10242,,3.4,26.6,7,3,0,0
10243,19.0,3.3,56.18,7,3,0,0
10244,3.0,2.8,29.11,7,5,0,0
10245,0.0,2.6,41.08,3,5,0,1
10246,21.0,2.4,86.57,3,4,0,1
10247,4.0,,46.03,6,5,0,0
10248,27.0,2.2,44.13,5,3,0,0
10249,26.0,0.6,51.71,4,3,0,0
10250,15.0,2.4,192.88,4,4,1,0
10251,2.0,1.4,24.64,6,4,0,0
10252,3.0,1.3,63.03,2,3,0,0
10253,15.0,2.7,133.86,4,3,0,0
10254,3.0,4.0,51.62,8,5,1,1
10255,1.0,3.5,104.11,6,4,0,0
10256,6.0,0.8,20.81,7,3,0,0
10257,22.0,1.4,46.97,6,4,0,0
10258,9.0,3.5,31.24,5,3,0,0
10259,6.0,1.4,51.29,5,2,0,0
10260,0.0,2.3,51.95,5,3,1,1
10261,7.0,3.1,55.25,6,3,1,0
10262,36.0,1.4,86.12,4,1,0,1
10263,1.0,2.6,8.46,6,4,0,0
10264,5.0,1.0,35.87,6,3,0,0
10265,16.0,1.8,60.54,1,4,0,0
10266,10.0,2.9,12.52,6,1,1,1
10267,9.0,0.7,76.24,3,2,0,0
10268,9.0,3.0,35.43,7,5,0,0
10269,3.0,2.5,47.53,5,4,0,1
10270,2.0,3.1,88.32,4,5,1,1
10271,13.0,2.7,106.75,6,5,0,0
10272,,4.0,77.57,8,3,0,0
10273,16.0,2.6,24.14,5,3,0,1
10274,19.0,2.0,75.38,3,5,0,0
10275,5.0,2.6,78.27,6,5,1,1
10276,5.0,3.1,69.71,4,4,0,0
10277,12.0,2.6,116.41,1,4,0,0
10278,8.0,2.5,56.12,4,4,0,0
10279,9.0,1.7,113.93,10,3,0,1
10280,12.0,1.8,113.55,5,4,0,1
10281,17.0,1.0,79.53,6,4,0,0
10282,3.0,4.4,63.62,5,4,0,1
10283,3.0,1.1,69.94,3,1,0,0
10284,0.0,1.7,130.35,4,3,0,0
10285,6.0,1.7,96.54,5,2,1,0
10286,0.0,3.5,26.22,6,2,0,0
10287,,2.2,67.41,5,5,0,1
10288,6.0,3.9,30.16,6,1,1,0
10289,2.0,1.8,34.75,5,2,0,1
10290,7.0,2.8,42.12,5,3,0,0
10291,0.0,,19.34,6,4,0,0
10292,0.0,4.9,28.84,6,3,0,0
10293,13.0,1.2,119.93,4,2,0,0
10294,3.0,2.8,34.6,4,2,0,0
10295,,3.2,86.39,3,2,1,0
10296,5.0,3.0,59.14,2,3,0,1
10297,11.0,2.3,73.52,7,3,0,0
10298,1.0,2.4,75.31,4,5,0,0
10299,7.0,2.5,27.97,4,3,0,0
10300,0.0,2.3,86.11,4,1,0,1
10301,0.0,,22.36,6,4,0,0
10302,6.0,4.9,33.66,5,3,1,0
10303,6.0,1.9,74.69,7,4,1,1
10304,8.0,1.0,26.71,4,3,0,1
10305,10.0,2.4,11.48,2,4,0,0
10306,29.0,5.3,65.59,4,4,0,0
10307,5.0,1.6,16.81,8,5,1,1
10308,3.0,4.3,78.73,6,3,0,1
10309,12.0,,44.06,5,3,0,0
10310,2.0,1.9,65.04,7,3,0,0
10311,4.0,3.1,64.34,7,5,1,1
10312,0.0,4.3,82.06,3,5,1,1
10313,0.0,2.1,75.94,4,1,0,1
10314,26.0,2.3,26.54,7,2,1,1
10315,14.0,1.9,45.75,5,3,0,0
10316,9.0,1.4,65.0,2,2,0,0
10317,4.0,1.8,115.07,3,3,1,0
10318,1.0,1.2,76.34,6,2,1,0
10319,,2.5,109.57,4,4,0,0
10320,2.0,1.7,66.99,6,5,0,0
10321,6.0,2.8,97.49,5,5,1,0
10322,10.0,0.8,61.9,6,3,1,1
10323,8.0,2.9,95.26,6,4,1,0
10324,2.0,3.4,42.66,4,5,0,1
10325,24.0,0.5,122.42,7,2,1,1
10326,10.0,2.9,71.38,7,4,1,0
10327,6.0,3.9,19.44,5,3,0,0
10328,7.0,1.2,66.26,3,2,1,0
10329,4.0,4.3,76.48,4,3,0,0
10330,2.0,3.0,87.78,6,1,0,0
10331,,1.7,146.0,6,4,0,0
10332,11.0,2.4,38.46,4,3,0,1
10333,0.0,3.1,146.54,4,3,0,0
10334,0.0,2.6,53.45,4,2,1,1
10335,0.0,3.1,32.57,3,5,0,0
10336,0.0,1.5,39.0,5,3,0,1
10337,15.0,,73.91,2,4,1,0
10338,9.0,0.9,29.45,7,4,0,0
10339,5.0,2.4,43.12,6,3,0,0
10340,0.0,1.5,65.31,5,2,0,1
10341,5.0,,121.9,3,4,0,0
10342,5.0,3.9,86.37,5,2,0,0
10343,1.0,3.7,54.77,6,2,1,1
10344,4.0,3.2,73.72,6,4,0,0
10345,4.0,1.3,61.61,6,2,1,0
10346,7.0,2.2,23.88,7,3,0,0
10347,8.0,3.8,133.67,7,3,0,0
10348,0.0,2.7,122.97,5,3,0,1
10349,3.0,5.1,50.95,5,4,0,0
10350,7.0,2.9,39.9,6,4,0,0
10351,5.0,2.7,24.27,7,4,0,0
10352,15.0,2.2,76.37,5,4,0,0
10353,,2.6,76.65,7,3,0,0
10354,1.0,2.3,31.14,3,3,0,0
10355,0.0,3.3,62.04,4,3,0,1
10356,8.0,3.6,84.86,5,3,0,0
10357,0.0,1.6,38.18,6,5,0,0
10358,7.0,1.0,47.17,5,4,0,0
10359,22.0,0.5,46.89,7,2,0,0
10360,6.0,3.1,32.48,3,1,0,0
10361,3.0,1.3,47.77,8,1,0,0
10362,,0.5,17.06,3,2,1,0
10363,4.0,2.9,45.4,4,2,0,0
10364,6.0,5.2,45.83,8,3,0,0
10365,22.0,2.5,51.34,3,5,1,1
10366,3.0,3.4,70.57,4,4,0,0
10367,,2.6,22.9,3,2,0,0
10368,,2.4,26.03,6,3,0,0
10369,1.0,3.5,31.93,2,3,0,1
10370,0.0,2.2,21.21,5,4,1,0
10371,0.0,2.8,75.22,3,4,1,1
10372,0.0,2.9,37.12,5,5,0,1
10373,0.0,1.8,52.31,5,3,1,1
10374,9.0,3.6,30.15,4,4,0,0
10375,0.0,2.3,42.43,4,2,0,0
10376,,1.7,63.78,4,4,1,1
10377,14.0,3.1,65.59,5,2,0,0
10378,0.0,1.5,26.8,5,3,0,0
10379,13.0,2.5,50.74,4,4,0,0
10380,2.0,2.5,30.49,6,3,0,0
10381,1.0,3.7,49.61,4,1,0,1
10382,9.0,3.0,35.15,6,1,0,0
10383,7.0,2.5,138.36,2,1,0,0
10384,16.0,3.4,84.59,7,1,0,0
10385,10.0,4.0,67.26,7,2,1,0
10386,13.0,3.1,44.73,3,2,1,1
10387,2.0,2.5,85.97,7,2,0,1
10388,1.0,,51.64,7,5,1,0
10389,11.0,1.3,130.59,5,3,0,1
10390,13.0,2.2,90.83,3,2,0,0
10391,36.0,1.8,42.24,4,3,0,0
10392,4.0,2.3,122.39,6,5,0,0
10393,,,44.88,4,4,0,0
10394,11.0,3.1,142.83,2,3,0,0
10395,3.0,2.4,126.01,4,4,0,0
10396,21.0,3.0,63.58,5,4,0,1
10397,15.0,2.6,17.55,5,4,1,0
10398,4.0,0.5,60.73,6,4,0,0
10399,11.0,1.5,24.92,5,5,1,0
10400,11.0,2.3,35.84,2,5,1,0
10401,0.0,1.2,37.59,5,4,0,1
10402,18.0,3.2,24.78,3,3,0,0
10403,5.0,,60.87,5,4,0,0
10404,14.0,3.8,33.15,3,4,1,0
10405,3.0,2.3,46.15,4,1,0,0
10406,18.0,4.1,37.8,3,5,0,0
10407,3.0,2.7,70.75,5,2,0,1
10408,0.0,2.1,67.82,4,3,0,0
10409,18.0,1.8,43.9,7,5,1,0
10410,0.0,2.2,72.78,4,2,0,0
10411,3.0,2.1,104.38,7,3,1,0
10412,23.0,2.7,10.09,3,2,0,0
10413,24.0,2.7,36.43,6,3,0,0
10414,6.0,2.5,28.22,5,2,1,0
10415,7.0,3.0,34.36,8,3,0,1
10416,4.0,3.8,8.54,5,3,1,1
10417,2.0,3.5,9.73,3,5,0,1
10418,,0.9,4.52,5,5,0,1
10419,8.0,,38.62,9,2,0,0
10420,11.0,3.5,37.93,4,4,1,0
10421,12.0,1.0,112.74,3,1,1,1
10422,12.0,2.3,58.08,6,1,0,1
10423,0.0,1.2,71.72,5,2,0,0
10424,5.0,0.5,311.79,3,5,0,0
10425,0.0,3.1,10.12,7,5,0,1
10426,6.0,3.3,131.82,4,2,0,0
10427,4.0,1.9,51.86,3,2,0,1
10428,17.0,0.5,40.64,9,2,1,0
10429,3.0,1.9,36.8,6,3,0,0
10430,0.0,2.9,64.84,5,4,1,1
10431,1.0,0.9,40.86,3,2,0,0
10432,11.0,2.7,24.28,4,4,0,0
10433,7.0,2.5,37.69,7,3,1,0
10434,0.0,3.1,65.92,1,5,0,1
10435,0.0,2.6,79.0,4,4,1,0
10436,9.0,1.4,139.36,4,3,1,0
10437,,3.8,56.6,6,4,0,0
10438,13.0,2.3,107.84,1,4,0,0
10439,9.0,2.5,47.22,6,3,0,0
10440,0.0,1.5,51.26,5,3,0,0
10441,0.0,2.0,49.63,3,5,0,0
10442,34.0,1.5,60.66,5,2,0,0
10443,3.0,,87.05,7,1,0,0
10444,3.0,4.4,39.8,9,3,0,0
10445,13.0,1.0,29.24,4,4,0,0
10446,23.0,0.7,91.01,3,4,0,0
10447,34.0,4.1,87.37,4,5,0,1
10448,11.0,2.3,117.34,4,3,0,1
10449,3.0,1.8,35.94,3,2,0,1
10450,0.0,3.6,46.18,2,4,0,1
10451,12.0,1.8,92.95,8,4,0,0
10452,6.0,4.5,39.5,6,1,0,0
10453,4.0,3.2,77.11,9,2,1,0
10454,18.0,2.0,47.35,4,1,0,0
10455,0.0,4.9,64.63,5,4,0,1
10456,5.0,1.8,23.95,6,5,1,1
10457,0.0,3.3,56.16,8,4,1,1
10458,5.0,2.8,3.15,6,5,0,0
10459,0.0,3.9,103.21,2,1,0,0
10460,1.0,4.2,82.97,4,5,0,0
10461,1.0,2.5,27.96,4,4,0,1
10462,8.0,1.7,133.18,8,3,1,0
10463,10.0,,99.68,4,5,0,1
10464,7.0,1.8,24.75,5,3,1,0
10465,26.0,4.7,37.86,1,5,0,1
10466,3.0,2.7,25.73,5,5,1,1
10467,2.0,2.1,65.69,4,4,0,1
10468,16.0,2.7,36.79,5,4,0,0
10469,2.0,1.0,12.09,5,2,0,1
10470,26.0,1.4,51.12,3,3,0,0
10471,0.0,3.8,88.98,7,3,0,1
10472,28.0,1.8,56.86,6,4,1,0
10473,0.0,1.3,73.13,5,4,0,0
10474,17.0,3.1,60.13,3,5,1,0
10475,6.0,3.8,81.01,6,1,0,0
10476,36.0,3.3,63.33,2,4,0,0
10477,0.0,3.6,49.43,5,5,1,0
10478,6.0,1.7,56.44,6,4,0,0
10479,27.0,0.9,119.77,1,2,0,0
10480,5.0,4.2,75.51,4,1,0,1
10481,7.0,2.1,27.89,2,1,0,0
10482,9.0,2.2,55.9,4,4,1,1
10483,4.0,4.0,65.01,4,4,0,0
10484,7.0,3.1,48.42,2,5,0,0
10485,7.0,3.0,12.14,3,3,1,0
10486,18.0,4.9,29.88,7,3,0,0
10487,0.0,1.8,40.93,8,4,0,0
10488,2.0,3.5,141.79,3,4,1,1
10489,24.0,2.6,70.83,6,5,0,0
10490,17.0,2.8,17.08,4,4,1,0
10491,4.0,4.2,50.33,6,3,0,0
10492,7.0,3.1,109.41,1,4,1,1
10493,2.0,3.1,36.45,6,5,1,1
10494,1.0,3.7,94.94,3,3,0,1
10495,4.0,2.1,17.51,2,2,0,0
10496,3.0,1.6,4.0,2,2,0,1
10497,7.0,1.4,102.92,5,1,0,0
10498,0.0,0.5,39.59,2,4,0,0
10499,29.0,4.8,12.61,5,2,0,0
10500,34.0,,41.62,5,2,0,0
10501,9.0,2.3,59.8,3,3,1,1
10502,6.0,2.2,69.39,4,4,0,0
10503,2.0,2.8,6.35,4,3,0,0
10504,13.0,3.4,34.59,8,4,0,0
10505,9.0,3.4,55.28,6,1,0,0
10506,1.0,1.9,69.3,6,2,0,0
10507,19.0,2.3,27.66,3,3,0,0
10508,13.0,2.8,46.87,1,3,1,1
10509,23.0,2.2,36.38,4,3,1,1
10510,10.0,4.3,61.0,5,1,0,0
10511,7.0,3.0,100.85,8,5,0,0
10512,4.0,3.3,43.09,4,4,0,0
10513,21.0,3.2,19.91,6,2,0,0
10514,16.0,3.8,33.36,4,1,0,0
10515,0.0,2.7,132.43,6,5,0,1
10516,0.0,1.1,29.96,4,4,0,0
10517,3.0,2.9,22.92,4,3,0,0
10518,,,41.43,4,4,0,0
10519,34.0,1.9,50.34,3,4,0,0
10520,1.0,3.1,37.85,2,4,0,0
10521,7.0,3.9,17.59,7,3,1,0
10522,3.0,2.5,64.54,6,3,1,1
10523,28.0,2.8,61.03,7,1,0,0
10524,14.0,4.4,79.31,5,5,0,0
10525,14.0,2.8,60.22,3,4,0,0
10526,5.0,5.4,126.35,6,2,0,0
10527,4.0,,82.87,7,5,0,0
10528,2.0,0.6,73.51,7,5,0,1
10529,0.0,3.3,102.94,8,5,0,1
10530,16.0,2.9,58.05,6,5,0,0
10531,13.0,3.9,47.49,3,5,0,0
10532,36.0,3.2,64.11,4,2,1,1
10533,36.0,2.3,11.62,5,4,0,0
10534,6.0,1.2,58.16,5,4,0,0
10535,11.0,2.3,50.31,3,2,0,0
10536,23.0,1.6,68.25,6,1,0,0
10537,15.0,1.9,95.1,5,5,0,0
10538,2.0,3.1,74.75,4,3,0,1
10539,4.0,4.3,33.42,5,5,0,1
10540,1.0,2.9,86.44,7,1,0,0
10541,24.0,1.2,127.38,4,1,0,0
10542,7.0,3.0,96.5,3,3,0,0
10543,2.0,3.8,21.27,6,2,0,0
10544,8.0,1.8,74.3,6,4,0,0
10545,7.0,2.4,23.68,6,4,0,0
10546,3.0,2.5,44.61,4,1,0,0
10547,0.0,1.6,67.07,8,2,0,0
10548,8.0,3.2,61.98,4,3,0,0
10549,5.0,2.4,95.44,4,2,1,1
10550,11.0,3.0,127.73,3,4,1,1
10551,5.0,1.5,71.04,6,3,0,1
10552,15.0,2.0,42.47,4,1,1,0
10553,6.0,3.3,12.12,5,3,0,0
10554,6.0,2.1,109.01,5,1,1,0
10555,16.0,4.4,50.47,5,2,0,0
10556,4.0,2.1,52.12,5,2,0,0
10557,1.0,2.7,54.69,6,5,0,1
10558,0.0,3.5,69.15,5,5,0,1
10559,11.0,,70.34,7,4,0,0
10560,7.0,0.6,45.06,5,3,1,0
10561,9.0,0.8,50.16,2,3,0,0
10562,1.0,3.9,35.97,2,3,0,0
10563,,1.9,33.4,4,4,0,0
10564,0.0,5.3,33.29,7,5,0,0
10565,3.0,1.9,49.8,5,2,0,0
10566,7.0,2.7,29.08,2,1,0,0
10567,3.0,4.2,3.59,6,4,0,0
10568,4.0,4.7,42.0,2,4,0,0
10569,18.0,4.8,22.27,4,4,0,0
10570,3.0,3.8,56.99,6,4,0,1
10571,5.0,3.6,35.88,4,5,0,0
10572,12.0,3.2,69.65,5,3,1,1
10573,4.0,3.4,23.82,6,5,0,0
10574,7.0,1.9,14.14,6,5,0,1
10575,15.0,1.6,50.24,3,4,0,0
10576,23.0,2.5,40.87,5,3,0,0
10577,1.0,2.3,20.85,5,2,0,1
10578,,2.0,82.91,8,3,0,0
10579,5.0,,26.84,3,3,0,0
10580,,3.6,32.34,2,5,0,1
10581,4.0,2.6,91.95,6,2,0,0
10582,31.0,4.1,72.01,4,3,0,1
10583,,1.2,24.8,4,4,0,0
10584,3.0,2.3,43.24,8,1,0,1
10585,8.0,1.7,23.02,5,3,0,0
10586,2.0,0.5,88.17,6,3,0,1
10587,0.0,2.4,88.14,6,4,1,1
10588,1.0,2.4,138.18,3,2,0,1
10589,1.0,4.2,167.95,5,5,0,1
10590,1.0,3.2,35.6,8,3,0,1
10591,1.0,1.4,80.16,4,5,0,1
10592,8.0,4.5,12.44,7,3,0,0
10593,1.0,3.8,59.61,9,3,0,0
10594,3.0,3.1,68.47,7,2,0,1
10595,18.0,2.3,27.89,4,1,0,0
10596,5.0,1.4,34.14,5,3,0,0
10597,8.0,2.1,88.48,3,2,0,0
10598,1.0,3.7,69.47,4,3,0,1
10599,1.0,4.6,128.42,6,4,1,0
10600,0.0,4.2,120.15,5,3,0,1
10601,1.0,2.0,15.46,3,2,1,1
10602,2.0,1.3,37.97,5,4,1,1
10603,1.0,2.7,25.86,7,5,1,1
10604,0.0,0.6,82.1,7,2,1,1
10605,1.0,2.9,63.15,9,2,0,1
10606,4.0,2.3,27.14,1,5,0,0
10607,1.0,2.0,30.18,6,1,0,1
10608,3.0,0.7,105.44,3,5,0,0
10609,5.0,3.1,40.82,6,1,1,1
10610,9.0,1.9,10.76,2,5,1,1
10611,0.0,1.2,25.45,3,3,0,0
10612,12.0,0.5,143.28,4,5,0,0
10613,,2.5,93.47,5,3,0,0
10614,0.0,4.4,21.95,2,4,0,0
10615,16.0,4.3,59.6,4,1,0,0
10616,20.0,2.0,90.2,6,2,0,0
10617,0.0,1.8,15.29,4,4,1,0
10618,2.0,3.0,95.92,6,3,0,0
10619,13.0,1.4,69.08,8,5,1,0
10620,11.0,2.8,32.79,4,3,0,0
10621,,3.3,75.56,4,5,1,1
10622,1.0,3.8,63.68,7,3,0,1
10623,3.0,2.4,66.26,6,5,1,1
10624,5.0,2.3,58.32,4,5,0,0
10625,7.0,1.5,29.42,4,3,0,0
10626,3.0,1.6,33.29,6,5,0,1
10627,4.0,2.3,45.93,4,4,1,0
10628,11.0,2.9,54.85,2,2,0,0
10629,0.0,3.5,78.15,6,4,0,1
10630,2.0,1.6,145.17,8,1,0,1
10631,9.0,4.1,61.26,4,4,0,0
10632,18.0,2.2,77.36,2,2,1,1
10633,5.0,2.5,87.61,5,1,0,0
10634,6.0,1.7,80.52,5,3,0,1
10635,0.0,0.5,28.66,9,4,1,1
10636,4.0,3.5,110.98,4,5,1,1
10637,6.0,3.3,101.41,5,5,1,0
10638,,2.2,57.84,5,3,0,0
10639,2.0,2.6,29.85,9,1,0,1
10640,3.0,3.1,54.32,4,4,0,1
10641,0.0,0.8,16.86,3,4,0,0
10642,3.0,1.9,119.04,4,3,0,0
10643,1.0,3.4,35.35,6,3,0,0
10644,3.0,1.1,44.47,6,3,0,1
10645,1.0,2.8,114.37,7,3,0,1
10646,17.0,1.0,106.85,6,4,1,0
10647,7.0,3.0,65.15,6,3,0,1
10648,9.0,2.5,128.96,7,5,0,1
10649,12.0,0.7,28.03,1,3,1,0
10650,5.0,3.8,65.17,4,2,0,0
10651,0.0,1.7,28.19,2,5,0,0
10652,6.0,1.6,97.97,7,4,1,1
10653,7.0,2.7,96.05,2,2,1,0
10654,,3.8,134.01,8,4,0,0
10655,4.0,1.4,53.32,4,3,0,0
10656,1.0,2.6,154.59,4,4,0,0
10657,2.0,3.0,26.58,4,3,0,1
10658,3.0,3.3,51.59,4,4,0,0
10659,8.0,2.7,27.25,5,1,0,0
10660,6.0,2.1,60.0,6,3,0,1
10661,3.0,1.6,28.92,5,5,0,0
10662,34.0,2.6,98.12,3,4,0,0
10663,7.0,1.3,70.41,4,2,0,1
10664,2.0,,25.02,5,3,0,1
10665,0.0,3.0,85.51,3,3,0,0
10666,1.0,3.5,123.93,4,4,0,0
10667,2.0,0.5,74.37,1,4,0,1
10668,1.0,1.4,20.01,9,4,0,0
10669,,3.2,48.61,5,3,0,0
10670,2.0,4.8,79.88,4,4,0,0
10671,1.0,2.5,45.79,9,3,0,0
10672,18.0,1.7,26.34,6,2,0,0
10673,0.0,2.3,104.44,4,4,0,1
10674,5.0,,44.57,6,5,0,1
10675,4.0,1.8,123.97,2,4,0,0
10676,32.0,1.6,38.1,5,4,0,0
10677,,2.0,42.96,4,4,0,0
10678,4.0,1.5,36.2,2,5,0,1
10679,27.0,2.6,48.1,4,3,1,0
10680,16.0,4.3,69.74,5,3,0,0
10681,13.0,2.9,27.31,2,5,0,1
10682,2.0,2.2,23.84,7,5,1,1
10683,1.0,2.2,15.03,3,3,1,1
10684,8.0,0.8,13.58,5,3,0,1
10685,21.0,3.5,20.18,5,3,0,1
10686,6.0,2.4,37.94,7,2,0,0
10687,6.0,,59.35,4,5,0,1
10688,2.0,6.0,67.51,4,3,0,0
10689,11.0,2.8,57.73,3,5,0,0
10690,,1.7,116.14,8,2,0,1
10691,,2.0,136.81,3,3,0,1
10692,4.0,3.8,44.71,5,1,0,0
10693,5.0,2.6,27.63,6,4,1,0
10694,2.0,0.9,159.9,3,4,0,0
10695,0.0,,102.43,6,4,0,0
10696,,1.8,98.22,6,1,0,0
10697,2.0,4.6,36.95,4,2,0,0
10698,6.0,3.7,86.71,5,1,0,0
10699,1.0,2.0,58.01,5,3,1,1
10700,5.0,3.9,50.95,3,4,1,0
10701,6.0,2.6,50.9,4,4,0,0
10702,,3.4,71.61,4,4,0,0
10703,3.0,3.0,118.25,4,3,0,0
10704,1.0,1.6,167.23,7,3,0,1
10705,0.0,1.8,41.19,2,2,0,1
10706,,3.6,59.98,3,2,0,0
10707,,2.1,50.17,4,4,0,0
10708,13.0,2.1,68.88,2,4,0,0
10709,2.0,1.4,46.39,7,2,0,0
10710,9.0,3.0,152.0,5,2,1,1
10711,11.0,,34.19,4,5,0,0
10712,7.0,1.3,41.22,10,4,0,0
10713,5.0,2.5,37.31,6,4,0,0
10714,4.0,4.1,48.67,7,3,0,0
10715,3.0,,21.28,6,3,0,1
10716,21.0,3.0,37.77,4,5,0,0
10717,14.0,1.3,68.49,5,4,1,1
10718,26.0,3.0,68.19,6,3,0,0
10719,1.0,2.3,62.01,8,4,0,0
10720,10.0,3.6,112.54,2,4,0,1
10721,,3.8,70.07,7,3,1,0
10722,1.0,5.3,110.49,4,3,1,0
10723,0.0,3.1,167.3,6,2,0,1
10724,10.0,2.9,87.96,4,2,0,1
10725,6.0,2.7,21.35,6,4,0,0
10726,14.0,2.1,63.48,5,3,0,0
10727,1.0,2.9,58.07,7,4,0,0
10728,12.0,2.2,123.86,5,5,0,0
10729,1.0,2.7,49.77,7,1,0,0
10730,1.0,3.9,31.13,6,3,0,0
10731,1.0,1.4,39.21,3,4,0,0
10732,13.0,3.8,21.95,2,4,1,1
10733,8.0,3.9,3.47,2,4,0,0
10734,5.0,2.4,152.41,4,3,0,0
10735,3.0,0.5,53.95,6,3,0,1
10736,16.0,1.8,23.49,4,4,0,1
10737,3.0,3.9,130.1,6,5,0,0
10738,13.0,2.5,142.39,5,3,0,0
10739,4.0,1.4,59.27,4,5,0,0
10740,3.0,1.9,20.5,7,3,0,0
10741,4.0,3.4,39.82,6,5,0,0
10742,2.0,3.1,46.51,7,4,0,1
10743,11.0,2.2,55.06,3,3,1,0
10744,5.0,2.1,25.65,6,4,0,0
10745,2.0,2.1,92.07,7,3,0,1
10746,18.0,1.5,9.89,4,3,0,0
10747,3.0,4.3,100.58,6,2,1,1
10748,6.0,2.1,112.63,6,2,0,0
10749,18.0,3.8,42.38,7,3,0,0
10750,7.0,4.2,51.26,4,4,1,1
10751,0.0,3.6,120.54,7,4,0,0
10752,22.0,2.0,78.13,12,2,0,1
10753,7.0,2.9,43.35,6,5,0,0
10754,,2.5,46.66,7,4,1,1
10755,1.0,1.5,71.84,6,5,0,0
10756,12.0,2.9,144.79,6,4,0,0
10757,7.0,1.2,47.57,3,2,0,0
10758,6.0,3.8,42.51,11,3,0,0
10759,17.0,2.0,54.82,3,4,0,0
10760,12.0,2.7,55.02,3,1,0,0
10761,1.0,2.8,64.59,3,1,0,0
10762,2.0,2.2,51.37,4,2,0,0
10763,2.0,3.1,103.97,4,3,0,1
10764,10.0,2.0,29.52,4,3,1,0
10765,0.0,3.5,68.83,4,3,0,0
10766,6.0,1.0,70.42,8,2,1,1
10767,11.0,2.6,31.34,6,4,0,1
10768,16.0,4.6,68.43,7,4,0,0
10769,3.0,1.4,71.5,2,3,0,0
10770,13.0,1.8,6.32,5,1,0,0
10771,0.0,3.1,27.6,4,1,1,1
10772,14.0,2.7,126.2,8,3,1,1
10773,1.0,2.9,36.5,5,2,0,0
10774,4.0,3.0,23.45,4,3,0,0
10775,12.0,3.2,13.09,8,4,0,0
10776,1.0,3.7,25.84,2,3,0,0
10777,2.0,3.0,50.03,5,2,0,1
10778,10.0,,22.24,4,3,0,0
10779,10.0,3.2,78.72,6,4,0,0
10780,8.0,4.6,30.96,3,5,0,1
10781,9.0,2.4,64.89,5,4,1,1
10782,6.0,1.4,116.14,5,4,1,1
10783,2.0,3.7,112.1,5,3,0,0
10784,3.0,2.4,64.23,7,3,1,1
10785,1.0,0.5,24.64,9,5,0,1
10786,19.0,3.4,52.17,6,1,0,0
10787,7.0,1.9,65.48,4,5,0,1
10788,4.0,2.4,184.6,5,4,0,0
10789,4.0,2.9,12.98,5,4,0,0
10790,23.0,2.7,52.29,5,1,1,1
10791,1.0,3.3,77.11,8,4,1,1
10792,7.0,2.0,57.45,6,3,0,0
10793,5.0,3.1,61.3,6,2,0,0
10794,7.0,2.2,32.24,7,3,0,0
10795,0.0,3.3,91.16,3,5,0,0
10796,16.0,3.2,55.04,8,3,0,0
10797,21.0,1.5,61.17,4,3,0,0
10798,6.0,3.7,96.68,6,1,0,0
10799,9.0,1.9,44.2,3,4,0,0
10800,20.0,3.4,108.68,5,4,0,1
10801,9.0,2.9,21.68,7,4,0,0
10802,1.0,4.5,63.26,7,3,0,0
10803,6.0,2.3,30.89,1,3,0,0
10804,7.0,2.1,25.54,1,4,0,0
10805,4.0,2.5,143.85,3,2,0,1
10806,10.0,2.2,22.53,5,5,0,0
10807,21.0,3.4,55.69,4,4,1,1
10808,20.0,0.7,21.26,5,3,0,0
10809,4.0,1.3,104.93,4,3,0,0
10810,0.0,1.3,41.41,9,4,0,1
10811,33.0,3.5,96.39,7,2,0,1
10812,14.0,4.4,75.6,4,3,0,0
10813,1.0,2.4,169.49,1,4,0,1
10814,20.0,2.3,18.14,3,3,1,0
10815,16.0,2.6,27.44,4,4,0,0
10816,5.0,3.8,93.45,7,2,0,0
10817,7.0,1.5,65.08,4,4,0,0
10818,4.0,2.8,46.24,5,1,0,0
10819,0.0,3.6,152.2,10,1,0,1
10820,3.0,,53.36,8,5,0,1
10821,12.0,2.7,31.7,4,4,1,1
10822,0.0,3.6,97.05,3,3,0,0
10823,3.0,0.5,54.45,3,2,1,1
10824,4.0,3.2,57.05,3,4,0,0
10825,6.0,1.8,79.31,5,3,0,0
10826,20.0,0.5,81.1,7,5,0,0
10827,3.0,3.1,27.18,4,5,0,1
10828,3.0,4.0,44.58,4,4,1,1
10829,10.0,2.3,19.89,6,3,0,1
10830,4.0,3.5,65.66,6,3,0,0
10831,2.0,4.3,142.42,6,4,1,1
10832,4.0,3.9,27.98,8,2,1,1
10833,1.0,4.3,17.15,4,3,0,0
10834,1.0,3.3,35.22,3,1,1,0
10835,5.0,2.6,45.99,2,1,0,0
10836,4.0,0.7,81.52,7,2,1,0
10837,19.0,2.2,43.01,5,3,0,1
10838,3.0,1.6,66.36,5,4,1,1
10839,6.0,4.9,38.69,7,3,1,1
10840,8.0,2.3,47.59,2,3,0,0
10841,0.0,2.6,30.99,5,1,0,0
10842,8.0,3.1,24.6,4,4,0,0
10843,1.0,2.5,83.21,5,3,0,0
10844,25.0,4.4,40.46,5,4,0,1
10845,1.0,1.8,69.22,5,5,1,0
10846,4.0,2.7,30.66,3,2,0,0
10847,0.0,1.7,53.57,3,2,0,1
10848,36.0,1.0,10.09,8,3,0,0
10849,5.0,1.8,42.42,8,5,1,0
10850,7.0,2.5,32.91,3,4,0,0
10851,0.0,2.0,102.54,6,5,0,0
10852,11.0,1.7,21.9,4,3,1,1
10853,1.0,1.0,48.82,5,5,0,1
10854,18.0,2.4,65.18,2,2,0,0
10855,1.0,0.8,94.52,4,1,0,1
10856,1.0,3.3,87.2,6,5,1,0
10857,0.0,2.6,51.25,3,5,0,1
10858,5.0,0.9,55.75,5,1,0,0
10859,6.0,2.2,102.49,6,2,1,0
10860,0.0,1.7,50.65,3,1,0,1
10861,11.0,2.9,59.38,6,2,0,0
10862,4.0,4.0,104.39,5,2,1,1
10863,5.0,0.5,182.64,4,5,0,0
10864,4.0,2.6,62.46,5,4,1,0
10865,4.0,2.3,72.72,6,4,0,0
10866,6.0,,85.72,6,4,1,0
10867,1.0,2.7,103.83,7,3,0,1
10868,1.0,1.7,95.86,1,4,0,0
10869,15.0,2.1,36.75,4,4,1,1
10870,23.0,1.6,64.95,5,3,0,0
10871,3.0,3.7,96.23,3,4,0,1
10872,2.0,2.5,116.23,7,3,1,1
10873,8.0,4.6,48.88,4,4,0,1
10874,4.0,2.4,64.02,6,5,1,1
10875,0.0,1.7,68.42,2,3,0,1
10876,1.0,0.8,54.63,3,4,0,0
10877,10.0,0.5,63.05,4,1,0,0
10878,8.0,0.8,9.6,4,4,0,0
10879,0.0,2.8,244.84,4,3,0,0
10880,2.0,3.1,47.62,4,1,0,0
10881,2.0,0.8,49.94,5,3,1,1
10882,8.0,3.5,15.73,8,4,0,0
10883,,2.0,13.68,5,2,0,0
10884,0.0,2.7,71.26,7,5,0,0
10885,12.0,4.3,96.46,6,1,0,1
10886,1.0,3.5,86.55,2,5,0,0
10887,8.0,2.2,30.6,3,4,0,0
10888,2.0,1.5,83.66,7,3,0,0
10889,0.0,0.5,49.45,4,3,0,0
10890,2.0,1.7,42.12,7,4,0,0
10891,10.0,2.3,20.31,8,4,0,0
10892,15.0,1.4,33.23,6,4,0,0
10893,14.0,2.4,72.23,8,3,1,1
10894,4.0,2.6,64.54,3,3,0,0
10895,8.0,2.3,59.01,9,5,0,0
10896,1.0,1.8,9.15,8,2,0,1
10897,2.0,2.7,59.38,5,3,0,0
10898,18.0,3.0,36.39,6,3,1,1
10899,0.0,1.3,64.82,2,4,1,1
10900,0.0,,105.61,4,4,0,0
10901,1.0,2.4,39.99,4,3,0,1
10902,0.0,2.5,56.78,3,1,0,1
10903,1.0,3.3,151.69,6,1,0,0
10904,,2.8,62.91,6,3,1,1
10905,4.0,3.5,52.61,3,3,0,0
10906,17.0,2.8,30.94,7,5,0,0
10907,13.0,1.8,84.99,2,3,0,0
10908,3.0,2.9,27.4,5,3,0,0
10909,2.0,1.2,108.24,2,5,0,0
10910,3.0,2.6,78.12,2,3,1,1
10911,7.0,2.5,37.24,4,4,0,0
10912,2.0,2.3,31.65,4,1,0,0
10913,7.0,2.4,32.17,2,3,0,0
10914,4.0,0.5,13.88,6,5,0,1
10915,6.0,1.9,70.26,7,4,0,0
10916,,2.6,10.21,1,3,0,0
10917,2.0,,50.57,3,4,0,0
10918,23.0,1.4,48.57,6,5,0,1
10919,11.0,3.9,43.36,4,3,1,1
10920,1.0,1.5,69.98,6,3,0,0
10921,16.0,3.6,37.3,3,5,1,0
10922,5.0,3.0,59.47,7,2,0,0
10923,17.0,1.8,108.23,5,4,0,0
10924,12.0,4.5,74.86,3,4,0,0
10925,4.0,1.2,40.97,5,4,1,0
10926,0.0,3.5,53.59,7,3,0,0
10927,,3.6,43.39,6,3,0,0
10928,6.0,1.8,48.14,6,4,0,0
10929,8.0,4.0,60.56,7,2,0,0
10930,2.0,2.2,19.62,5,3,0,1
10931,1.0,2.8,16.28,9,2,1,0
10932,,2.8,29.17,1,1,0,0
10933,33.0,2.4,71.93,3,5,0,0
10934,5.0,3.4,77.71,2,3,0,0
10935,1.0,3.4,84.44,2,5,0,0
10936,2.0,0.6,29.97,7,2,0,0
10937,0.0,3.9,56.59,9,4,1,1
10938,19.0,0.7,41.78,4,2,0,1
10939,1.0,3.6,49.39,4,4,1,0
10940,6.0,3.7,41.31,9,4,1,1
10941,2.0,1.3,62.62,5,2,0,0
10942,6.0,2.0,34.3,4,5,0,1
10943,8.0,1.3,101.48,10,2,0,1
10944,14.0,2.3,102.0,3,4,1,1
10945,1.0,2.2,70.63,6,5,0,0
10946,0.0,3.4,94.83,6,5,0,0
10947,1.0,3.9,19.05,5,5,0,1
10948,18.0,4.0,104.83,4,3,0,0
10949,16.0,1.9,66.72,7,2,0,0
10950,7.0,2.3,35.68,4,2,0,0
10951,7.0,0.6,33.35,3,3,1,1
10952,8.0,1.6,125.02,2,4,1,1
10953,1.0,3.6,85.21,3,2,0,0
10954,19.0,4.3,48.58,2,4,0,1
10955,4.0,1.1,18.88,4,3,1,1
10956,3.0,1.8,107.85,9,3,0,1
10957,5.0,2.5,24.73,2,4,1,0
10958,0.0,2.8,42.26,5,3,0,0
10959,1.0,1.6,48.54,9,4,0,0
10960,10.0,3.0,33.01,4,2,0,0
10961,0.0,2.0,47.2,4,4,0,0
10962,7.0,2.5,53.1,8,1,1,0
10963,2.0,3.1,46.6,5,2,0,1
10964,3.0,2.5,64.46,3,4,0,0
10965,2.0,2.0,127.62,2,5,0,0
10966,3.0,2.4,19.59,8,3,1,1
10967,10.0,2.4,58.65,6,3,0,0
10968,2.0,2.1,24.92,3,3,1,1
10969,6.0,2.2,18.18,7,2,0,0
10970,5.0,4.3,90.77,4,4,0,0
10971,8.0,3.1,61.67,4,4,0,0
10972,22.0,2.2,17.3,2,2,0,0
10973,10.0,3.3,47.18,6,3,0,0
10974,,2.1,29.22,4,4,0,0
10975,0.0,3.8,48.21,5,3,0,1
10976,2.0,2.9,79.31,5,4,0,0
10977,7.0,2.4,74.71,8,1,0,0
10978,0.0,3.0,41.5,5,4,0,1
10979,,0.8,93.19,4,2,0,0
10980,7.0,1.3,113.02,3,4,0,0
10981,3.0,1.2,80.07,3,3,0,1
10982,11.0,2.7,37.15,3,3,1,0
10983,0.0,4.4,49.2,5,4,1,1
10984,0.0,5.0,125.37,5,1,0,1
10985,10.0,3.2,43.49,5,3,0,1
10986,5.0,3.1,74.85,5,3,1,0
10987,9.0,0.5,32.71,6,3,0,0
10988,,1.9,93.56,4,5,0,0
10989,2.0,1.6,30.22,4,4,1,1
10990,13.0,1.8,50.53,2,1,0,0
10991,12.0,2.3,73.32,7,4,0,0
10992,9.0,2.0,139.78,7,3,1,0
10993,2.0,,61.0,6,5,0,1
10994,7.0,3.3,45.21,5,3,0,1
10995,3.0,1.3,43.08,4,4,0,1
10996,0.0,2.8,91.25,3,3,0,1
10997,19.0,4.8,69.91,4,3,0,0
10998,1.0,1.5,78.41,5,3,0,0
10999,,0.5,120.42,5,2,0,0
11000,4.0,2.2,55.32,5,4,1,1
11001,1.0,3.7,67.05,9,3,0,0
11002,6.0,4.7,42.72,4,5,0,0
11003,16.0,1.1,31.87,5,3,0,1
11004,10.0,3.0,36.12,4,4,0,0
11005,13.0,2.0,7.16,6,5,0,0
11006,8.0,2.4,72.89,7,4,1,1
11007,9.0,5.4,68.58,8,5,1,1
11008,15.0,0.8,72.0,8,4,0,0
11009,2.0,2.8,30.46,4,3,0,1
11010,5.0,3.0,36.53,4,4,0,0
11011,2.0,3.7,35.75,4,2,0,0
11012,35.0,2.6,98.76,4,3,0,0
11013,23.0,2.8,59.66,8,2,1,1
11014,0.0,2.1,54.96,5,4,0,1
11015,9.0,2.8,82.59,6,3,0,0
11016,20.0,2.1,35.83,3,3,0,1
11017,1.0,3.2,66.09,6,3,0,0
11018,6.0,2.1,149.94,7,5,0,0
11019,19.0,2.9,107.57,11,1,0,0
11020,0.0,,65.51,3,1,0,0
11021,9.0,3.7,56.22,7,2,0,0
11022,2.0,2.4,71.63,8,5,0,1
11023,20.0,0.5,115.94,4,5,0,1
11024,28.0,3.9,111.36,6,4,0,0
11025,23.0,,126.86,3,5,1,0
11026,5.0,1.8,61.67,5,2,0,0
11027,15.0,,10.14,4,5,0,0
11028,14.0,4.0,144.05,4,2,0,0
11029,3.0,0.5,31.82,2,2,0,0
11030,14.0,6.0,81.82,7,2,0,0
11031,0.0,3.7,10.32,4,4,0,0
11032,7.0,2.7,54.27,8,4,0,0
11033,2.0,2.4,43.54,7,3,0,0
11034,1.0,2.8,127.02,4,5,0,0
11035,0.0,3.1,66.0,4,3,0,0
11036,9.0,3.2,53.92,3,2,1,0
11037,3.0,3.1,70.31,5,3,0,0
11038,,2.6,4.79,6,4,0,0
11039,0.0,2.3,35.29,7,4,0,0
11040,3.0,2.3,38.92,6,3,0,0
11041,6.0,2.3,76.81,2,4,0,0
11042,12.0,3.7,27.2,9,3,1,1
11043,3.0,3.2,60.09,9,4,1,0
11044,7.0,0.5,50.79,4,5,0,0
11045,17.0,3.2,36.57,7,1,0,0
11046,7.0,2.7,38.15,5,5,0,0
11047,2.0,2.5,50.51,4,4,0,0
11048,0.0,2.1,12.83,8,3,0,1
11049,16.0,,83.24,4,5,1,0
11050,0.0,3.5,31.67,5,3,0,0
11051,16.0,1.6,45.29,8,3,0,0
11052,6.0,2.9,124.43,5,2,0,0
11053,22.0,,84.05,7,2,0,0
11054,12.0,1.0,23.88,6,4,0,0
11055,36.0,1.8,3.96,12,4,0,0
11056,3.0,3.4,72.06,4,5,0,0
11057,11.0,3.5,46.42,5,2,0,0
11058,4.0,3.1,60.3,3,2,0,0
11059,5.0,3.3,82.46,4,1,0,0
11060,7.0,3.1,89.95,1,3,0,0
11061,16.0,1.8,40.89,6,5,0,1
11062,33.0,3.0,50.0,6,4,0,0
11063,11.0,3.4,67.24,3,3,0,0
11064,4.0,3.3,69.82,4,5,0,0
11065,4.0,3.8,59.95,7,4,0,0
11066,10.0,3.3,116.76,4,1,0,0
11067,2.0,2.9,69.37,5,4,0,0
11068,0.0,3.7,81.77,6,3,0,0
11069,3.0,2.5,62.98,3,2,1,0
11070,2.0,1.5,27.06,5,2,0,0
11071,2.0,2.3,35.22,5,3,0,1
11072,2.0,1.7,23.16,7,3,0,0
11073,0.0,,95.69,4,3,0,1
11074,0.0,2.3,17.23,4,2,0,0
11075,35.0,1.6,48.74,6,4,0,0
11076,4.0,2.2,42.33,5,5,0,0
11077,3.0,0.5,41.63,6,4,0,1
11078,9.0,2.7,43.96,7,3,0,0
11079,1.0,2.5,129.09,6,2,1,1
11080,23.0,1.6,12.09,2,2,0,0
11081,12.0,3.2,108.64,6,2,0,0
11082,0.0,3.5,46.34,5,4,1,1
11083,4.0,0.7,86.62,1,4,1,0
11084,16.0,1.7,55.98,6,4,0,0
11085,23.0,1.7,24.9,4,4,0,0
11086,5.0,1.5,114.48,5,3,0,0
11087,7.0,3.4,104.68,5,3,0,0
11088,1.0,2.3,26.23,7,4,1,0
11089,36.0,2.2,75.24,6,3,0,0
11090,2.0,0.5,36.29,3,2,0,0
11091,22.0,3.2,17.81,3,3,1,1
11092,8.0,,31.73,5,3,0,0
11093,7.0,2.6,110.75,7,1,0,0
11094,5.0,2.8,87.83,6,4,1,1
11095,2.0,4.0,44.29,6,5,1,1
11096,1.0,1.1,111.04,7,2,1,1
11097,1.0,0.5,100.2,5,1,0,0
11098,1.0,2.7,31.76,4,4,1,1
11099,12.0,4.5,126.23,4,2,0,1
11100,3.0,3.9,42.06,6,3,0,0
11101,0.0,2.7,45.79,5,1,1,1
11102,27.0,2.0,12.36,5,2,0,1
11103,17.0,3.4,35.85,4,4,1,1
11104,21.0,1.4,48.97,4,4,0,0
11105,36.0,3.0,64.03,2,2,0,0
11106,1.0,3.1,24.96,3,3,0,0
11107,4.0,3.7,32.74,8,2,0,0
11108,11.0,5.5,127.77,3,1,0,0
11109,9.0,2.9,96.49,5,5,0,0
11110,1.0,1.9,106.59,4,4,1,1
11111,13.0,2.5,51.53,4,3,0,0
11112,2.0,0.6,65.15,8,4,0,0
11113,2.0,1.7,76.21,4,4,0,0
11114,6.0,2.0,126.73,3,4,1,0
11115,7.0,1.9,17.52,2,1,0,0
11116,6.0,2.7,38.23,5,2,0,0
11117,,1.6,61.69,3,4,0,0
11118,16.0,3.7,56.2,5,3,0,0
11119,2.0,2.5,32.47,8,5,0,1
11120,1.0,2.5,72.44,5,4,0,0
11121,17.0,2.1,39.21,6,5,0,0
11122,24.0,2.7,53.75,9,2,1,0
11123,15.0,3.4,70.59,5,5,1,0
11124,13.0,1.5,40.41,4,3,0,0
11125,8.0,1.8,83.69,8,5,0,0
11126,6.0,2.2,92.47,5,2,1,1
11127,0.0,1.0,33.3,6,3,0,1
11128,4.0,1.6,39.03,9,4,0,0
11129,3.0,2.0,27.59,5,3,0,0
11130,2.0,3.5,53.03,4,3,0,1
11131,10.0,2.8,64.0,2,5,1,0
11132,5.0,2.7,42.9,2,3,0,0
11133,0.0,3.4,62.95,9,4,0,0
11134,1.0,2.3,38.37,6,1,0,1
11135,9.0,2.9,39.18,4,4,0,1
11136,0.0,2.4,65.96,6,4,0,1
11137,15.0,2.8,40.85,5,3,0,0
11138,5.0,1.9,51.3,4,1,1,1
11139,5.0,0.5,67.33,2,4,1,0
11140,7.0,2.4,62.41,6,1,1,1
11141,13.0,4.1,38.72,4,1,1,0
11142,3.0,3.5,97.8,5,4,0,0
11143,9.0,3.6,16.8,10,2,0,0
11144,6.0,3.9,3.07,8,2,0,0
11145,2.0,2.6,74.25,6,4,0,0
11146,,2.7,61.69,5,1,1,1
11147,12.0,1.8,25.06,2,3,1,0
11148,8.0,2.2,57.03,8,2,0,0
11149,15.0,3.2,35.38,3,4,0,1
11150,16.0,3.8,71.15,8,4,1,1
11151,9.0,2.3,3.88,5,4,1,1
11152,14.0,2.0,45.39,7,3,0,0
11153,9.0,2.5,37.62,6,1,1,1
11154,9.0,3.2,83.86,7,1,0,0
11155,7.0,0.9,12.74,7,3,0,0
11156,11.0,,54.83,3,5,0,0
11157,,1.9,73.73,6,2,0,0
11158,17.0,1.2,139.86,6,3,0,0
11159,16.0,1.9,39.1,8,2,0,1
11160,0.0,2.3,64.65,4,4,1,1
11161,,2.0,13.45,3,4,0,0
11162,1.0,4.1,53.15,6,4,0,0
11163,3.0,2.9,101.83,8,5,0,0
11164,10.0,2.8,140.61,5,3,0,0
11165,1.0,3.2,68.25,6,2,0,0
11166,13.0,1.2,16.72,5,3,0,0
11167,14.0,3.6,110.99,7,4,0,0
11168,5.0,2.4,16.84,3,4,0,0
11169,0.0,3.2,23.34,6,3,0,1
11170,2.0,1.3,116.27,4,4,0,1
11171,7.0,0.8,50.82,7,4,1,1
11172,31.0,3.4,36.29,5,5,0,0
11173,,2.9,79.56,5,4,0,0
11174,2.0,1.5,58.88,8,4,0,0
11175,8.0,1.5,96.73,2,2,0,0
11176,6.0,3.7,60.51,3,4,0,1
11177,12.0,1.2,61.34,6,5,1,0
11178,0.0,4.3,94.8,3,3,1,1
11179,11.0,1.5,50.39,6,4,0,0
11180,6.0,3.2,29.28,5,4,0,0
11181,26.0,2.1,82.18,1,1,0,0
11182,3.0,3.2,44.36,4,4,0,0
11183,8.0,,63.41,4,2,0,0
11184,21.0,2.3,11.1,2,5,0,1
11185,0.0,2.5,49.13,4,4,1,1
11186,22.0,1.4,37.99,6,2,0,0
11187,9.0,3.3,10.8,7,2,1,0
11188,0.0,1.9,50.09,3,4,1,1
11189,2.0,2.2,51.14,4,3,1,1
11190,9.0,1.4,66.13,5,1,0,0
11191,0.0,0.5,100.87,5,3,0,0
11192,6.0,2.3,91.85,5,3,1,1
11193,3.0,5.2,39.74,6,2,0,1
11194,7.0,3.4,59.63,1,4,1,0
11195,0.0,2.5,71.73,4,5,0,0
11196,16.0,2.2,40.48,6,4,0,1
11197,29.0,2.5,18.06,7,4,0,0
11198,27.0,3.1,46.81,9,2,0,0
11199,11.0,1.2,103.24,4,3,0,0
11200,1.0,3.7,17.39,5,2,0,1
